node_number,Latitude,Longitude
1,37.756826,-122.386783
2,38.036822,-121.896796
3,37.69209,-121.596416
4,37.788735,-122.289346
5,37.788735,-122.289346
6,37.728547,-121.564558
7,38.77318,-120.69883
8,40.053008,-121.179333
9,37.220359,-119.3379
10,37.148627,-119.386591
11,40.534458,-121.959144
12,38.203307,-120.07609
13,40.007508,-121.249465
14,36.759636,-120.36587
15,39.814785,-122.330191
16,40.850178,-123.984442
17,39.215943,-120.803394
18,36.922143,-119.984616
19,40.91522,-121.61312
20,40.908047,-121.640143
21,38.584814,-122.533429
22,38.223532,-121.023815
23,38.223532,-121.023815
24,38.223532,-121.023815
25,36.432688,-120.341658
26,40.085484,-121.14815
27,40.085484,-121.14815
28,40.085484,-121.14815
29,37.746,-121.721
30,38,-121.75
31,40.734769,-121.958123
32,37.971492,-122.058325
33,37.882133,-120.452108
34,37.106833,-120.248666
35,39.2001,-123.183449
36,37.847008,-122.228651
37,40.65611,-122.01667
38,38.774391,-123.017343
39,39.871825,-121.611943
40,37.944495,-121.321243
41,35.494989,-119.268227
42,32.971568,-113.488692
43,34.491534,-118.61946
44,33.76304,-118.095189
45,33.76304,-118.095189
46,33.76304,-118.095189
47,33.76304,-118.095189
48,35.026009,-118.297559
49,35.026009,-118.297559
50,33.853693,-117.856063
51,35.811645,-119.455485
52,35.981599,-120.087424
53,35.955188,-120.049529
54,35.981599,-120.087424
55,34.786999,-118.432173
56,34.783831,-118.428458
57,33.808298,-117.983557
58,33.808298,-117.983557
59,37.220359,-119.3379
60,37.148627,-119.386591
61,36.759636,-120.36587
62,35.317691,-118.989796
63,35.62162,-119.849998
64,34.6816,-118.3248
65,33.610588,-114.598465
66,36.922143,-119.984616
67,33.294577,-116.356612
68,34.125987,-118.147862
69,33.275166,-116.36621
70,35.06105,-118.32651
71,35.06105,-118.32651
72,33.914818,-116.634676
73,33.91,-116.562
74,32.737323,-116.080096
75,33.355962,-112.841714
76,32.707046,-117.2444
77,35.194427,-119.542174
78,36.432688,-120.341658
79,33.857428,-117.861383
80,33.857428,-117.861383
81,33.857428,-117.861383
82,33.857428,-117.861383
83,33.480753,-117.626863
84,33.775941,-118.228072
85,32.857777,-117.028616
86,32.857777,-117.028616
87,32.857777,-117.028616
88,34.936871,-118.37345
89,35.330773,-119.915969
90,33.928097,-118.10451
91,33.975,-118.12361
92,32.95944,-117.11444
93,33.998362,-117.67827
94,33.998362,-117.67827
95,34.036919,-117.558679
96,33.965684,-117.659272
97,34.048,-117.578
98,34.040491,-117.60594
99,37.106833,-120.248666
100,33.989578,-117.680894
101,33.897995,-117.557096
102,40.301495,-121.244323
103,36.180698,-120.388529
104,38.032242,-119.220595
105,37.766496,-119.122571
106,37.645073,-118.91426
107,37.646393,-118.909262
108,39.966859,-117.855773
109,36.27922,-115.026036
110,36.092009,-119.886341
111,36.092009,-119.886341
112,38.045,-120.945
113,37.830405,-120.806964
114,40.879114,-121.670188
115,40.57056,-122.01944
116,37.290333,-119.526014
117,37.282697,-120.266246
118,37.368915,-121.944432
119,37.401127,-121.968529
120,37.401092,-121.968678
121,37.401092,-121.968678
122,36.763117,-121.734717
123,36.713837,-121.767661
124,35.35464,-119.667293
125,38.678272,-121.775154
126,38.5,-121.694
127,38.5,-121.694
128,36.240845,-120.323168
129,36.138919,-119.894727
130,35.440761,-119.012943
131,38.246564,-120.033947
132,37.352,-120.507
133,38.79346,-120.619145
134,38.79346,-120.619145
135,37.187903,-120.489666
136,35.563127,-119.203854
137,37.967186,-120.38772
138,35.232966,-119.580259
139,37.746609,-121.625648
140,37.715586,-121.614719
141,39.550973,-121.278656
142,38.020727,-122.066585
143,39.108835,-121.609455
144,36.999112,-119.704606
145,39.057661,-120.409074
146,38.126646,-120.462218
147,40.16694,-123.22361
148,40.196492,-123.618048
149,39.348898,-123.122078
150,36.145276,-120.085003
151,36.130228,-120.137972
152,36.548719,-120.338608
153,38.65755,-121.137095
154,33.891124,-117.609293
155,33.891124,-117.609293
156,33.928097,-118.10451
157,33.947381,-118.086469
158,33.947082,-118.086463
159,34.536121,-117.292816
160,34.189675,-116.092011
161,34.173123,-116.152914
162,33.680828,-117.069899
163,33.680828,-117.069899
164,33.680828,-117.069899
165,33.680828,-117.069899
166,33.680828,-117.069899
167,33.680828,-117.069899
168,33.680828,-117.069899
169,33.680828,-117.069899
170,33.680828,-117.069899
171,33.680828,-117.069899
172,33.680828,-117.069899
173,33.680828,-117.069899
174,32.878648,-117.197148
175,32.797178,-116.971815
176,33.685339,-117.943098
177,33.896498,-118.372523
178,33.909628,-118.424646
179,34.075283,-117.517116
180,34.083323,-117.516744
181,34.091108,-117.528331
182,34.091108,-117.528331
183,34.142747,-117.426859
184,34.155,-117.39639
185,34.155,-117.39639
186,34.092026,-117.436378
187,34.044,-117.531
188,34.089826,-117.527454
189,33.907719,-116.632742
190,33.900243,-116.548339
191,34.126198,-118.149286
192,34.126198,-118.149286
193,34.126198,-118.149286
194,34.126198,-118.149286
195,33.118489,-117.099163
196,38.65755,-121.137095
197,36.529,-121.415
198,36.092009,-119.886341
199,39.374178,-121.681023
200,37.879476,-122.253816
201,39.052428,-121.69252
202,36.914447,-121.811369
203,40.550615,-123.145068
204,36.22196,-119.677324
205,36.239813,-119.904186
206,36.239813,-119.904186
207,36.270392,-119.647374
208,36.270392,-119.647374
209,38.957047,-121.042009
210,40.275,-121.09028
211,41.15972,-122.09917
212,38.99889,-121.02109
213,38.99889,-121.02109
214,38.925855,-122.543961
215,38.180851,-122.279656
216,38.139216,-121.800157
217,38.139216,-121.800157
218,40.797305,-122.762506
219,36.86098,-121.42904
220,36.86098,-121.42904
221,36.199901,-120.090313
222,38.309827,-120.991206
223,38.077519,-122.54074
224,35.62162,-119.849998
225,37.188038,-120.650779
226,39.576291,-121.305431
227,36.210834,-119.816471
228,36.224835,-121.124809
229,40.0945,-123.55834
230,37.092459,-119.552834
231,37.092459,-119.552834
232,37.092459,-119.552834
233,37.070339,-119.559785
234,35.44846,-119.733585
235,40.677862,-121.873151
236,36.547166,-119.578579
237,36.888088,-119.159552
238,35.45998,-118.779091
239,40.294381,-120.997129
240,39.276222,-121.661406
241,38.137221,-121.144495
242,38.146508,-121.300577
243,40.433253,-123.472778
244,35.787738,-114.972025
245,36.861745,-120.338528
246,36.689967,-119.740373
247,36.689967,-119.740373
248,37.749343,-122.483627
249,36.610776,-119.639181
250,37.522206,-120.310053
251,37.522546,-120.329341
252,37.265851,-120.481219
253,37.265851,-120.484908
254,37.736299,-121.650132
255,37.220716,-121.745605
256,37.220716,-121.745605
257,37.220716,-121.745605
258,37.605589,-122.39143
259,37.415385,-121.888362
260,37.777347,-122.413872
261,37.777347,-122.413872
262,38.513877,-122.104001
263,38.513877,-122.104001
264,38.513877,-122.104001
265,36.806004,-121.775038
266,38.139216,-121.800157
267,35.280659,-119.47286
268,40.150178,-122.212407
269,38.14961,-120.814973
270,38.14961,-120.814973
271,37.79657,-122.281208
272,37.79657,-122.281208
273,37.79657,-122.281208
274,35.956473,-120.851068
275,37.411132,-121.92715
276,34.468444,-119.884303
277,32.717669,-117.251797
278,34.483307,-120.042429
279,34.477242,-120.128384
280,34.431129,-119.911791
281,33.780365,-118.240141
282,33.780365,-118.240141
283,33.780365,-118.240141
284,34.040942,-117.821521
285,35.034988,-117.701274
286,33.879463,-118.256192
287,33.976054,-118.147845
288,33.764254,-118.224683
289,33.764254,-118.224683
290,33.764254,-118.224683
291,33.764254,-118.224683
292,34.000735,-118.378409
293,34.57925,-118.118454
294,34.579225,-118.118454
295,33.0452,-117.12817
296,33.0452,-117.12817
297,34.20816,-119.246872
298,35.008538,-120.453066
299,34.035526,-118.111404
300,32.843343,-117.161373
301,34.063419,-117.652869
302,33.89209,-117.580268
303,33.854793,-117.453898
304,33.862163,-117.613363
305,33.892254,-117.580794
306,34.063436,-117.652869
307,34.063451,-117.652869
308,34.150767,-118.723708
309,34.280128,-118.863873
310,34.469768,-119.058208
311,32.876094,-117.165383
312,34.005415,-117.562765
313,34.091108,-117.528331
314,34.091108,-117.528331
315,34.794685,-118.511628
316,34.045552,-118.128839
317,32.704944,-117.219257
318,32.679994,-117.122073
319,33.359112,-117.111139
320,33.359112,-117.111139
321,33.932048,-117.840182
322,33.932048,-117.840182
323,33.917745,-117.749293
324,33.924905,-117.955124
325,33.932048,-117.840182
326,40.6,-122.0167
327,37.098553,-121.047872
328,37.098553,-121.047872
329,37.098553,-121.047872
330,37.098553,-121.047872
331,37.098553,-121.047872
332,37.098553,-121.047872
333,39.499787,-121.562619
334,39.029589,-120.750385
335,37.479403,-122.406719
336,36.97656,-122.106066
337,36.992254,-121.982133
338,38.311,-121.837
339,37.889,-120.544
340,37.997869,-120.317539
341,36.832555,-119.326854
342,36.832555,-119.326854
343,36.832555,-119.326854
344,40.986031,-121.977722
345,38.77161,-120.81305
346,38.783431,-120.778473
347,37.467473,-122.127637
348,38.822119,-121.306478
349,36.651373,-120.584436
350,36.651373,-120.584436
351,36.651373,-120.584436
352,36.651373,-120.584436
353,38.833726,-122.881171
354,36.616607,-120.099328
355,36.616607,-120.099328
356,36.616607,-120.099328
357,36.908939,-119.087647
358,36.919596,-119.022874
359,36.919596,-119.022874
360,36.999357,-121.536255
361,38.762673,-122.691817
362,37.16205,-119.256808
363,37.16205,-119.256808
364,37.16205,-119.256808
365,37.16205,-119.256808
366,37.16205,-119.256808
367,37.16205,-119.256808
368,37.16205,-119.256808
369,37.16205,-119.256808
370,37.16205,-119.256808
371,37.16205,-119.256808
372,37.16205,-119.256808
373,37.16205,-119.256808
374,37.16205,-119.256808
375,37.16205,-119.256808
376,37.16205,-119.256808
377,37.16205,-119.256808
378,37.16205,-119.256808
379,37.16205,-119.256808
380,37.16205,-119.256808
381,37.16205,-119.256808
382,37.16205,-119.256808
383,37.16205,-119.256808
384,38.690631,-121.737958
385,37.294808,-118.588835
386,37.323451,-118.542376
387,40.992101,-121.975407
388,40.992101,-121.975407
389,39.293837,-120.602264
390,39.986873,-121.283007
391,39.986873,-121.283007
392,40.175742,-121.190667
393,39.048726,-121.316952
394,40.085484,-121.14815
395,40.085484,-121.14815
396,39.177902,-120.890872
397,37.09349,-120.226639
398,39.709186,-121.56899
399,40.393709,-122.129956
400,39.330706,-121.191538
401,39.330706,-121.191538
402,38.144865,-120.379861
403,38.144865,-120.379861
404,37.94434,-119.216079
405,38.018533,-121.760272
406,32.578596,-116.872331
407,32.578596,-116.872331
408,32.578596,-116.872331
409,32.578596,-116.872331
410,34.196246,-119.166442
411,34.120352,-117.63938
412,34.154522,-117.772726
413,34.156832,-117.54675
414,34.09972,-117.91861
415,34.100086,-117.55274
416,35.719014,-119.234687
417,35.719014,-119.234687
418,34.452507,-118.611232
419,35.026009,-118.297559
420,35.026009,-118.297559
421,35.026009,-118.297559
422,35.026009,-118.297559
423,35.026009,-118.297559
424,34.687447,-118.300419
425,34.687447,-118.300419
426,34.687447,-118.300419
427,34.687447,-118.300419
428,34.687447,-118.300419
429,34.687447,-118.300419
430,34.687447,-118.300419
431,34.687447,-118.300419
432,34.687447,-118.300419
433,33.816472,-118.244896
434,35.483712,-119.029829
435,36.002239,-117.788623
436,36.002239,-117.788623
437,36.002239,-117.788623
438,32.562467,-116.943503
439,33.615792,-114.686509
440,33.615792,-114.686509
441,33.615792,-114.686509
442,33.914233,-116.710119
443,36.002239,-117.788623
444,36.002239,-117.788623
445,36.002239,-117.788623
446,34.075108,-117.288758
447,34.075108,-117.288758
448,34.075108,-117.288758
449,34.075108,-117.288758
450,35.096801,-119.429827
451,34.041402,-117.360397
452,40.990547,-121.498866
453,39.82595,-121.409749
454,39.82595,-121.409749
455,37.189273,-119.467029
456,38.056531,-122.219623
457,39.564729,-121.155102
458,39.29833,-120.84306
459,38.016955,-121.845359
460,38.016955,-121.845359
461,38.016955,-121.845359
462,38.016955,-121.845359
463,36.580845,-118.792566
464,37.971492,-122.058325
465,39.25665,-120.766816
466,39.25665,-120.766816
467,39.25665,-120.766816
468,39.25665,-120.766816
469,39.257434,-120.76656
470,39.933714,-121.611869
471,37.376938,-121.950928
472,37.376938,-121.950928
473,37.376938,-121.950928
474,39.217066,-120.835318
475,39.218351,-120.835145
476,37.147879,-119.256752
477,38.331218,-120.669968
478,38.331218,-120.669968
479,38.331218,-120.669968
480,37.64349,-120.718979
481,37.584132,-120.272373
482,40.799084,-124.203245
483,37.749279,-121.649777
484,37.749279,-121.649777
485,39.866654,-121.616643
486,38.017097,-121.758973
487,38.017097,-121.758973
488,38.017097,-121.758973
489,38.826781,-122.800574
490,38.796258,-122.766533
491,38.772546,-122.728647
492,38.785795,-122.782611
493,38.766029,-122.70671
494,38.823533,-122.781619
495,38.768381,-122.747064
496,38.779006,-122.754526
497,37.000409,-121.536762
498,37.000409,-121.536762
499,36.999357,-121.536255
500,36.999357,-121.536255
501,36.999357,-121.536255
502,39.902901,-121.342819
503,36.999357,-121.536255
504,36.999357,-121.536255
505,36.999357,-121.536255
506,36.999357,-121.536255
507,38.71833,-123.01167
508,36.927323,-119.020222
509,36.927323,-119.020222
510,40.925827,-121.548238
511,40.950238,-121.545468
512,40.925827,-121.548238
513,40.895657,-121.797784
514,39.565693,-120.59691
515,37.023531,-118.971653
516,37.023531,-118.971653
517,37.023531,-118.971653
518,40.741347,-124.210112
519,39.533169,-121.485158
520,39.533169,-121.485158
521,39.533169,-121.485158
522,39.533169,-121.485158
523,39.533169,-121.485158
524,39.533169,-121.485158
525,39.533169,-121.485158
526,39.533169,-121.485158
527,39.533169,-121.485158
528,39.533169,-121.485158
529,40.401168,-121.963708
530,37.974474,-119.91522
531,37.974474,-119.91522
532,37.974474,-119.91522
533,37.974474,-119.91522
534,37.974474,-119.91522
535,37.974474,-119.91522
536,37.974474,-119.91522
537,37.041183,-121.179842
538,39.533169,-121.485158
539,40.78932,-124.19909
540,40.735847,-122.19664
541,37.425074,-121.932116
542,37.425074,-121.932116
543,37.425074,-121.932116
544,37.425074,-121.932116
545,37.425074,-121.932116
546,38.222165,-121.868192
547,38.241292,-121.854983
548,38.227002,-121.843922
549,38.030104,-121.872694
550,32.721575,-116.343899
551,33.935137,-116.577809
552,33.935137,-116.577809
553,33.935137,-116.577809
554,33.935137,-116.577809
555,35.21174,-120.85483
556,35.21174,-120.85483
557,35.509017,-119.030555
558,34.073981,-117.348907
559,34.073981,-117.348907
560,34.073981,-117.348907
561,34.073981,-117.348907
562,34.205536,-117.334733
563,34.205536,-117.334733
564,34.205536,-117.334733
565,34.205536,-117.334733
566,32.562467,-116.943503
567,32.79584,-116.972123
568,35.280659,-119.47286
569,35.280659,-119.47286
570,35.280659,-119.47286
571,33.136276,-117.336349
572,33.136276,-117.336349
573,33.136276,-117.336349
574,33.136276,-117.336349
575,33.136276,-117.336349
576,33.136276,-117.336349
577,33.11896,-117.08541
578,32.562467,-116.943503
579,35.395624,-119.320554
580,33.91361,-116.55083
581,34.595117,-117.36433
582,34.595117,-117.36433
583,34.595117,-117.36433
584,34.595117,-117.36433
585,33.644252,-117.978373
586,33.644252,-117.978373
587,33.911185,-116.553009
588,33.911185,-116.553009
589,33.911185,-116.553009
590,33.739038,-117.169857
591,33.739038,-117.169857
592,32.832893,-117.132056
593,32.832893,-117.132056
594,32.832893,-117.132056
595,32.832893,-117.132056
596,32.832893,-117.132056
597,32.832893,-117.132056
598,32.832893,-117.132056
599,32.832893,-117.132056
600,35.515641,-119.039921
601,35.031158,-117.356479
602,35.031158,-117.356479
603,35.031158,-117.356479
604,35.295248,-119.592679
605,35.295248,-119.592679
606,35.295248,-119.592679
607,35.295248,-119.592679
608,32.567004,-116.944277
609,32.567004,-116.944277
610,32.598228,-115.62973
611,32.598228,-115.62973
612,32.598228,-115.62973
613,34.956198,-118.843796
614,34.956198,-118.843796
615,34.956198,-118.843796
616,34.956198,-118.843796
617,34.956198,-118.843796
618,38.030104,-121.872694
619,38.030104,-121.872694
620,41.015024,-121.15497
621,39.024521,-120.596532
622,39.024521,-120.596532
623,39.024521,-120.596532
624,36.755742,-120.364958
625,34.206597,-119.251066
626,34.206597,-119.251066
627,34.206597,-119.251066
628,34.303972,-117.324865
629,35.620074,-118.446658
630,36.804872,-121.782606
631,36.804872,-121.782606
632,36.804872,-121.782606
633,36.804872,-121.782606
634,36.804872,-121.782606
635,36.804872,-121.782606
636,36.804872,-121.782606
637,36.804872,-121.782606
638,32.876094,-117.165383
639,32.876231,-117.167154
640,32.876231,-117.167154
641,35.576377,-119.006051
642,33.892118,-116.553978
643,33.90761,-116.604643
644,33.917534,-116.591597
645,39.23521,-121.268677
646,39.395957,-121.146733
647,36.019463,-117.791789
648,36.019463,-117.791789
649,36.019463,-117.791789
650,38.751889,-122.719139
651,38.751889,-122.719139
652,38.747999,-122.71087
653,38.747999,-122.71087
654,38.835172,-121.092938
655,35.440761,-119.012943
656,35.451788,-118.98506
657,35.451788,-118.98506
658,35.451788,-118.98506
659,35.451788,-118.98506
660,34.12951,-119.168834
661,34.12951,-119.168834
662,32.64,-117.083
663,32.573565,-116.91384
664,32.573565,-116.91384
665,32.573565,-116.91384
666,40.741347,-124.210112
667,33.119689,-117.11726
668,33.119689,-117.11726
669,33.119689,-117.11726
670,38.252674,-120.847597
671,38.252674,-120.847597
672,38.252674,-120.847597
673,41.012598,-121.465014
674,41.012598,-121.465014
675,40.99749,-121.747931
676,40.99749,-121.747931
677,40.99749,-121.747931
678,40.986332,-121.849255
679,40.986332,-121.849255
680,40.986031,-121.977722
681,40.986031,-121.977722
682,40.986031,-121.977722
683,40.986031,-121.977722
684,40.922399,-121.992956
685,40.922399,-121.992956
686,40.847334,-121.990623
687,40.847334,-121.990623
688,38.039608,-121.893877
689,38.039608,-121.893877
690,38.039608,-121.893877
691,36.653839,-120.580581
692,36.653839,-120.580581
693,36.714178,-120.70137
694,36.714178,-120.70137
695,36.6531,-120.580739
696,39.723019,-121.46974
697,39.723019,-121.46974
698,39.875977,-121.373532
699,39.875977,-121.373532
700,38.01445,-121.789694
701,33.962892,-117.452853
702,33.962892,-117.452853
703,35.950581,-120.868715
704,38.497966,-120.217882
705,38.497966,-120.217882
706,38.78975,-122.7453
707,38.78975,-122.7453
708,35.93583,-120.840563
709,35.765173,-117.382762
710,36.684175,-119.552907
711,35.496309,-119.007963
712,34.833238,-118.414213
713,34.833238,-118.414213
714,34.848457,-118.352831
715,34.848457,-118.352831
716,37.731315,-121.116035
717,38.790587,-122.756273
718,38.183136,-120.158731
719,38.301472,-122.747584
720,38.902931,-121.3095
721,38.392872,-119.997147
722,38.392872,-119.997147
723,38.392872,-119.997147
724,39.941027,-120.909114
725,38.139702,-120.370429
726,35.210267,-119.584327
727,35.210267,-119.584327
728,35.210267,-119.584327
729,35.227297,-119.629873
730,35.093169,-119.443458
731,39.760638,-121.618862
732,32.601053,-115.661531
733,32.601053,-115.661531
734,32.601053,-115.661531
735,33.938899,-116.588138
736,38.449124,-120.492662
737,38.449124,-120.492662
738,35.309448,-119.615199
739,36.688605,-119.723145
740,38.831742,-121.313522
741,38.044635,-122.255905
742,38.048015,-122.257984
743,35.093169,-119.443458
744,38.399344,-121.923891
745,35.441125,-118.990774
746,33.998891,-118.220613
747,33.998891,-118.220613
748,33.998891,-118.220613
749,38.788152,-122.721828
750,38.788152,-122.721828
751,39.55234,-121.193636
752,38.420925,-120.54964
753,33.928476,-116.610782
754,39.13659,-121.639777
755,39.138702,-121.63777
756,37.736299,-121.650132
757,32.741455,-117.233303
758,32.741455,-117.233303
759,39.363853,-123.128892
760,39.363853,-123.128892
761,34.211205,-119.138635
762,35.61145,-118.936824
763,35.319343,-119.661904
764,40.401594,-120.514228
765,38.521241,-121.994895
766,39.675225,-121.726151
767,38.277864,-120.913788
768,35.824806,-119.546948
769,35.62162,-119.849998
770,32.771563,-115.870576
771,36.925577,-120.809758
772,35.876603,-119.456054
773,40.436124,-122.29572
774,33.012223,-116.875024
775,33.012223,-116.875024
776,36.303975,-119.243851
777,36.521437,-118.729505
778,36.51918,-118.74087
779,36.061081,-118.919397
780,33.850421,-118.395203
781,33.850421,-118.395203
782,33.962892,-117.452853
783,33.962892,-117.452853
784,37.965583,-122.388439
785,36.688605,-119.723145
786,33.975,-118.12361
787,34.023731,-118.024202
788,38.952597,-120.902772
789,39.134251,-120.953346
790,38.123873,-121.773772
791,33.9771,-117.3398
792,33.9771,-117.3398
793,33.9771,-117.3398
794,33.9771,-117.3398
795,34.179,-119.083
796,35.876603,-119.456054
797,35.896757,-119.438181
798,35.217241,-119.081242
799,35.208935,-118.830879
800,36.218504,-119.807672
801,36.225677,-119.798196
802,33.017862,-116.837578
803,34.086592,-117.227815
804,34.086283,-117.230809
805,34.085933,-117.233937
806,34.085933,-117.233937
807,34.079557,-117.23856
808,34.09083,-117.11889
809,34.098437,-117.10584
810,33.792786,-118.349911
811,33.792786,-118.349911
812,33.792786,-118.349911
813,33.792786,-118.349911
814,33.120953,-117.173013
815,33.120953,-117.173013
816,33.618165,-117.831852
817,34.263203,-118.622426
818,34.352158,-118.28892
819,34.291422,-118.398365
820,34.433766,-118.646726
821,34.399999,-118.998282
822,34.0795,-117.241674
823,34.0795,-117.241674
824,34.0795,-117.241674
825,34.0795,-117.241674
826,34.0795,-117.241674
827,34.0795,-117.241674
828,36.364896,-120.135636
829,36.405477,-120.115288
830,34.302351,-119.185578
831,34.867787,-116.825562
832,33.819461,-118.222468
833,38.015231,-122.116197
834,38.015231,-122.116197
835,38.015231,-122.116197
836,38.124189,-121.857119
837,38.163542,-121.736967
838,38.166239,-121.869863
839,38.181494,-121.801736
840,34.69804,-118.138687
841,37.731315,-121.116035
842,34.950788,-120.413464
843,37.229345,-119.486624
844,35.237138,-118.237764
845,37.069059,-121.077408
846,37.069059,-121.077408
847,37.069059,-121.077408
848,37.069059,-121.077408
849,37.069059,-121.077408
850,37.069059,-121.077408
851,37.069059,-121.077408
852,37.069059,-121.077408
853,39.58043,-121.119542
854,35.187,-120.595
855,40.402412,-121.875658
856,39.32441,-120.644619
857,39.324528,-120.645443
858,39.324528,-120.645443
859,40.874066,-121.688483
860,40.91522,-121.61312
861,36.291311,-118.704901
862,36.291311,-118.704901
863,36.135823,-118.789047
864,38.186618,-120.112433
865,37.455726,-122.175019
866,37.825825,-122.296249
867,38.088192,-121.3877
868,37.385545,-121.140569
869,37.949453,-122.401411
870,37.949453,-122.401411
871,36.961014,-120.062759
872,36.526562,-120.116001
873,38.245132,-122.041256
874,39.052903,-121.695984
875,39.052903,-121.695984
876,39.052903,-121.695984
877,35.330773,-119.915969
878,35.902051,-119.440474
879,38.016565,-121.764449
880,38.016565,-121.764449
881,38.016565,-121.764449
882,38.016565,-121.764449
883,35.324789,-119.650024
884,34.383955,-118.49489
885,34.383955,-118.49489
886,37.712654,-121.564996
887,37.712654,-121.564996
888,39.988317,-121.53054
889,35.404052,-120.102799
890,33.936489,-116.572702
891,33.936489,-116.572702
892,33.936489,-116.572702
893,33.936489,-116.572702
894,33.936489,-116.572702
895,33.936489,-116.572702
896,33.936489,-116.572702
897,33.936489,-116.572702
898,34.925067,-118.452619
899,34.013412,-117.922424
900,34.013412,-117.922424
901,34.013412,-117.922424
902,34.013412,-117.922424
903,34.013412,-117.922424
904,34.89267,-118.42422
905,35.026009,-118.297559
906,35.026009,-118.297559
907,35.344055,-118.192134
908,34.718345,-118.306825
909,37.875255,-120.6035
910,37.875255,-120.6035
911,37.875255,-120.6035
912,35.35879,-119.288035
913,35.647,-119.716
914,35.194129,-119.570876
915,38.123585,-121.829173
916,38.123873,-121.773772
917,37.79423,-121.70994
918,37.754963,-121.584207
919,38.410805,-121.926363
920,34.469768,-119.058208
921,33.955834,-117.120942
922,33.839175,-117.221416
923,33.896713,-117.283447
924,33.741207,-117.156297
925,33.741207,-117.156297
926,37.856433,-120.944415
927,33.998532,-118.221769
928,33.998532,-118.221769
929,35.775607,-118.435881
930,35.775607,-118.435881
931,36.029187,-119.075577
932,35.741501,-119.05132
933,35.841604,-119.084953
934,35.76878,-119.248879
935,34.505195,-117.388319
936,34.536121,-117.292816
937,34.510581,-117.473158
938,34.536121,-117.292816
939,34.536121,-117.292816
940,34.396059,-116.864079
941,34.406872,-116.862673
942,34.536121,-117.292816
943,34.685,-117.346
944,34.583098,-117.411141
945,34.583098,-117.411141
946,33.912492,-117.820194
947,33.814881,-117.834489
948,34.486344,-118.11789
949,35.061926,-118.290698
950,33.232,-117.002
951,33.232,-117.002
952,40.45917,-121.86444
953,40.439495,-121.845476
954,40.45343,-121.863004
955,40.439495,-121.845476
956,34.094595,-117.400014
957,34.182532,-117.324006
958,34.041345,-117.319206
959,39.102148,-122.111234
960,34.033653,-117.906637
961,34.033653,-117.906637
962,34.013412,-117.922424
963,34.685249,-118.788189
964,34.685249,-118.788189
965,36.138691,-119.568213
966,34.616647,-117.947347
967,37.876,-121.184
968,39.075362,-121.395808
969,40.428142,-122.279032
970,34.356442,-119.055903
971,40.789664,-123.437729
972,38.889673,-121.099541
973,38.889673,-121.099541
974,37.151008,-119.504718
975,37.151008,-119.504718
976,37.151008,-119.504718
977,37.151008,-119.504718
978,37.800885,-121.653231
979,38.228017,-122.074852
980,38.004034,-121.934242
981,37.052977,-121.02158
982,36.681,-119.799
983,37.362018,-120.629872
984,37.30806,-120.4813
985,33.910932,-116.734457
986,33.910932,-116.734457
987,33.910932,-116.734457
988,33.910932,-116.734457
989,33.910932,-116.734457
990,37.376938,-121.950928
991,37.376938,-121.950928
992,37.376938,-121.950928
993,37.376938,-121.950928
994,37.376938,-121.950928
995,37.376938,-121.950928
996,37.376938,-121.950928
997,37.376938,-121.950928
998,37.376938,-121.950928
999,37.376938,-121.950928
1000,37.376938,-121.950928
1001,37.376938,-121.950928
1002,37.376938,-121.950928
1003,37.376938,-121.950928
1004,37.376938,-121.950928
1005,37.376938,-121.950928
1006,37.376938,-121.950928
1007,37.376938,-121.950928
1008,37.376938,-121.950928
1009,37.376938,-121.950928
1010,37.376938,-121.950928
1011,37.376938,-121.950928
1012,37.376938,-121.950928
1013,35.280142,-119.470195
1014,33.935137,-116.577809
1015,33.810781,-115.453708
1016,35.797397,-115.007894
1017,36.140799,-120.127287
1018,32.717964,-115.715728
1019,32.717964,-115.715728
1020,33.705654,-115.626713
1021,37.052977,-121.02158
1022,35.402895,-119.454917
1023,35.147373,-114.595463
1024,37.500855,-121.986119
1025,34.935233,-118.842921
1026,40.807666,-121.93505
1027,40.807666,-121.93505
1028,34.311215,-118.489436
1029,34.486344,-118.11789
1030,34.041345,-117.319206
1031,37.742024,-120.802494
1032,36.671307,-116.492888
1033,33.616211,-114.68464
1034,42.079816,-121.389949
1035,42.079816,-121.389949
1036,42.079816,-121.389949
1037,42.079816,-121.389949
1038,42.079816,-121.389949
1039,42.079816,-121.389949
1040,42.079816,-121.389949
1041,42.079816,-121.389949
1042,42.079816,-121.389949
1043,42.079816,-121.389949
1044,42.079816,-121.389949
1045,33.935137,-116.577809
1046,41.18482,-122.285901
1047,32.717964,-115.715728
1048,36.689512,-108.480374
1049,39.335837,-114.807515
1050,39.335837,-114.807515
1051,39.509284,-112.580157
1052,39.509284,-112.580157
1053,39.503458,-112.580518
1054,39.503458,-112.580518
1055,35.982389,-115.084133
1056,42.006742,-121.316569
1057,40.980337,-116.445781
1058,35.819205,-115.010907
1059,35.804029,-115.013075
1060,35.804029,-115.013075
1061,35.928512,-114.833683
1062,35.928512,-114.833683
1063,35.928512,-114.833683
1064,37.946306,-120.528195
1065,36.646831,-116.00417
1066,35.832778,-111.446548
1067,35.147373,-114.595463
1068,39.823619,-111.903689
1069,39.823619,-111.903689
1070,35.801038,-114.977074
1071,36.334421,-115.330039
1072,37.210012,-121.809066
1073,33.387508,-112.865053
1074,34.295253,-114.140232
1075,32.597093,-115.630051
1076,37.754429,-117.632422
1077,40.807666,-121.93505
1078,40.807666,-121.93505
1079,40.807666,-121.93505
1080,40.807666,-121.93505
1081,40.397742,-122.263651
1082,40.397742,-122.263651
1083,40.397742,-122.263651
1084,40.397742,-122.263651
1085,37.693507,-121.695253
1086,37.693507,-121.695253
1087,37.693507,-121.695253
1088,37.693507,-121.695253
1089,38.657174,-121.132392
1090,38.657174,-121.132392
1091,38.657174,-121.132392
1092,38.657174,-121.132392
1093,38.344405,-121.123324
1094,38.344405,-121.123324
1095,38.344405,-121.123324
1096,38.344405,-121.123324
1097,37.712654,-121.564996
1098,37.712654,-121.564996
1099,37.712654,-121.564996
1100,37.712654,-121.564996
1101,38.587353,-121.418115
1102,38.587353,-121.418115
1103,38.587353,-121.418115
1104,38.587353,-121.418115
1105,37.516785,-121.230995
1106,37.516785,-121.230995
1107,37.516785,-121.230995
1108,37.516785,-121.230995
1109,37.516785,-121.230995
1110,37.516785,-121.230995
1111,37.516785,-121.230995
1112,37.516785,-121.230995
1113,38.372789,-121.353177
1114,38.372789,-121.353177
1115,38.372789,-121.353177
1116,38.372789,-121.353177
1117,38.372789,-121.353177
1118,38.372789,-121.353177
1119,38.372789,-121.353177
1120,38.372789,-121.353177
1121,37.690687,-121.020992
1122,38.392872,-119.997147
1123,38.392872,-119.997147
1124,38.392872,-119.997147
1125,45.595715,-121.113301
1126,45.595715,-121.113301
1127,34.312566,-118.481081
1128,32.516195,-116.88318
1129,34.36678,-117.368853
1130,33.70789,-112.322616
1131,35.787738,-114.972025
1132,33.93805,-116.656978
1133,37.832718,-121.674024
1134,33.881582,-116.562513
1135,33.941472,-116.567364
1136,33.909628,-118.424646
1137,33.909628,-118.424646
1138,33.900243,-116.548339
1139,43.7069,-116.619
1140,33.905885,-116.581885
1141,37.710639,-121.491082
1142,35.061586,-118.361433
1143,39.322659,-121.31375
1144,33.133034,-115.500649
1145,33.877605,-116.464358
1146,37.657414,-122.055393
1147,34.714777,-118.284965
1148,34.69804,-118.139043
1149,34.130857,-117.425386
1150,34.079205,-117.51677
1151,34.127024,-117.425018
1152,36.504419,-119.540168
1153,36.504419,-119.540168
1154,37.419187,-122.015211
1155,35.05691,-118.386793
1156,37.825825,-122.296249
1157,39.699344,-122.175604
1158,33.905885,-116.581885
1159,33.905885,-116.581885
1160,34.079557,-117.23856
1161,34.085933,-117.233937
1162,34.086592,-117.227815
1163,34.094288,-117.274319
1164,32.728773,-114.654083
1165,35.651185,-114.689117
